name,label,x,y,w,h
Capture.PNG,heavy_incision,79.04997253417969,40.36496829986572,88.1711196899414,71.44901466369629
lkjb1rc1wat21.jpg,heavy_incision,0.0,486.0933227539063,309.9725341796875,281.793212890625
52938307_343693026245758_1157128824505237504_n.jpg,heavy_incision,226.2833404541016,279.0765686035156,320.77769470214844,153.97329711914062
57056117_360721561209571_6441739220674412544_n.jpg,light_incision,129.6514129638672,396.1767883300781,247.726791381836,134.28182983398438
61322128_2186537654729081_1394672041033990144_n.jpg,heavy_incision,275.6472473144531,313.10357666015625,324.1543273925781,265.2171630859375
no.PNG,heavy_incision,198.1191253662109,162.7364501953125,135.74830627441406,143.08602905273438
