name,label,x,y,w,h
lppsju0a18n41.jpg,heavy_incision,317.05096435546875,274.5260314941406,308.62652587890625,272.5825500488281
8rap4raf3zm41.jpg,light_incision,-131.1100616455078,410.1282958984375,548.4014129638672,189.54815673828125
karachi_lmao.jpg,light_incision,402.8238830566406,495.75921630859375,611.3695983886719,200.1636962890625
65769701_1591122047687230_5818664969264168960_n.jpg,light_incision,335.0729675292969,589.9107666015625,317.6374816894531,236.53857421875
