name,label,x,y,w,h
lppsju0a18n41.jpg,light_incision,52.220664978027344,279.2435913085937,524.4708023071289,353.7704467773437
8rap4raf3zm41.jpg,heavy_incision,353.37154388427734,205.88406372070312,260.702262878418,315.26788330078125
karachi_lmao.jpg,heavy_incision,225.7842559814453,222.40899658203125,328.60997009277344,196.16000366210938
65769701_1591122047687230_5818664969264168960_n.jpg,light_incision,335.0729675292969,589.9107666015625,317.6374816894531,236.53857421875
