name,label,x,y,w,h
_0_207.jpeg,white_blood_cell,108.00282287597656,99.00084686279297,40.00103759765625,50.001304626464844
_0_651.jpeg,platelets,64.99967956542969,36.0009880065918,21.000579833984375,25.000686645507812
